Category,Subcategory,Customer Complaint Description
"Card No Present Fraud, E-commerce Fraud, I noticed several unauthorized charges on my credit card statement this morning. There were two transactions for a large electronics retailer that I have never shopped with online. One charge was for a new laptop and another for a gaming console. My card was physically in my possession the entire time. I am very concerned how my card details were compromised for these online purchases."
"Card No Present Fraud, Mail Order/Telephone Order Fraud, I am reporting an unfamiliar recurring charge appearing on my statement for the past three months. It is listed as a premium magazine subscription that I definitely did not sign up for over the phone or by mail. The amount is small each month but it is certainly fraudulent. I have never authorized any such recurring payment."
"Card No Present Fraud, Phishing Scam, I received an email that appeared to be from a well-known online clothing store offering a flash sale. I clicked the link and entered my card details on what looked like their legitimate website. Now I see a large transaction for an unrelated travel agency that I never authorized. I suspect the website was a phishing attempt and my card information was stolen during that process."
"Card No Present Fraud, Data Breach, My credit card was used to make multiple online purchases at various international websites last night. I was recently notified that a popular data sharing platform I use had a data breach. I believe my card information was stolen during that incident and subsequently used fraudulently for these transactions without my knowledge or consent."
"Card No Present Fraud, Account Takeover, Someone gained unauthorized access to my online shopping account with a major retailer. They then used my saved credit card information to place several large orders for high value electronics to an unknown address. I only discovered this when I received shipping notifications for items I did not purchase. My account security was clearly breached."
"Card No Present Fraud, Mobile App Fraud, I discovered a strange charge on my statement from an obscure mobile game application. I have never downloaded this app nor made any in-app purchases whatsoever. This transaction totaling a significant amount appears completely unauthorized. My phone was secured and I did not share my card details with any mobile application."
"Card No Present Fraud, Subscription Fraud, A recurring monthly charge for a streaming service I have never heard of suddenly appeared on my credit card statement. I have no account with this service nor did I ever provide my card details to them. This appears to be an unauthorized subscription set up fraudulently using my card information. I need this recurring charge stopped immediately."
"Card No Present Fraud, Digital Wallet Fraud, Someone managed to add my credit card to a digital wallet service without my permission. They then used it to make several contactless payments online for expensive electronics. I never received any notifications for adding my card to a new device. My digital wallet credentials must have been compromised enabling this fraudulent activity."
"Card No Present Fraud, Online Gift Card Fraud, My credit card was used to purchase multiple high-value digital gift cards from various online retailers. These purchases occurred late last night while I was asleep. I never buy gift cards online and certainly did not authorize these specific transactions. It appears my card details were used fraudulently to acquire these untraceable gift cards."
"Card No Present Fraud, Trial Offer Fraud, I signed up for a free trial of an online language course several months ago and immediately cancelled it. Now I am seeing a full membership charge on my statement that I did not authorize. I ensured I unsubscribed properly. This seems like an attempt to convert a free trial into a paid service without my explicit consent."
"Card No Present Fraud, Cryptocurrency Fraud, I noticed a very large and suspicious transaction on my statement for an online cryptocurrency exchange. I have absolutely no involvement with cryptocurrency and never created an account with such a platform. This significant charge is completely unauthorized and indicates my card details were used to buy digital currency fraudulently."
"Card No Present Fraud, Airline Ticket Fraud, My credit card was charged for an airline ticket purchase to an unfamiliar international destination. I did not book any flights recently and certainly not to that location. This unauthorized transaction for a substantial amount clearly indicates my card information was compromised and used to purchase air travel fraudulently."
"Card No Present Fraud, Online Gambling Fraud, Several small but persistent charges from an online gambling website have appeared on my credit card statement. I do not engage in online gambling activities whatsoever. These transactions are completely unauthorized and suggest my card details were somehow obtained and used fraudulently on this gambling platform."
"Card No Present Fraud, Utility Bill Fraud, A transaction for an unknown utility company not my own provider showed up on my credit card. The amount is substantial. I did not make any payments to this utility company. It seems my card details were used to pay someone else's bill without my permission. This is clearly a case of unauthorized payment."
"Card No Present Fraud, Event Ticket Resale Fraud, My credit card was used to purchase multiple high-priced tickets for a concert through an online ticket resale platform. I have no interest in this event and did not authorize any such purchase. The tickets were likely bought using my compromised card for resale by a fraudster."
"Card No Present Fraud, Software Purchase Fraud, I discovered a charge for expensive software that I did not purchase from an online vendor I do not recognize. This was a significant one-time payment. I never authorized this download or purchase. My credit card information must have been stolen and used to acquire this software license remotely."
"Card No Present Fraud, Online Dating Service Fraud, A recurring charge for an online dating service has appeared on my statement for two consecutive months. I do not use online dating platforms and never signed up for such a service. This fraudulent subscription is unauthorized and my card details were clearly used without my consent."
"Card No Present Fraud, Web Hosting Fraud, I found an annual charge for a web hosting service on my credit card that I have no association with. I do not own a website or require web hosting. This unauthorized transaction strongly suggests my card information was used to pay for a web service for someone else."
"Card No Present Fraud, Online Educational Course Fraud, My credit card was charged for an expensive online educational course from a university I did not apply to. I did not enroll in any such program. This unauthorized transaction is for a significant sum and indicates my card details were compromised and used to pay for someone else's tuition."
"Card No Present Fraud, Domain Registration Fraud, I noticed a charge for the registration of a new domain name through an online registrar that I have never used. I have no need for a new domain and did not authorize this purchase. This small but clear fraudulent charge suggests my card information was used to register a domain for an unknown party."
"Card No Present Fraud, Online Home Goods Fraud, My credit card was used to purchase several items from an online furniture store. I did not make these purchases and never even visited their website. The items were shipped to an address unknown to me. This large transaction indicates my card details were compromised and used for a significant fraudulent purchase."
"Card No Present Fraud, Online Membership Fraud, A recurring charge for an online fitness membership appeared on my statement. I did not sign up for this gym nor provide my card details to them. This unauthorized recurring payment suggests my card information was used to set up a fraudulent membership. I need this stopped immediately."
"Card No Present Fraud, Event Ticket Fraud, My credit card was charged for several tickets to a major concert. I did not purchase these tickets and was not planning to attend this event. This unauthorized transaction suggests my card details were compromised and used to acquire these tickets which were likely then resold."
"Card No Present Fraud, Ride-Sharing Fraud, I saw multiple small transactions from a ride-sharing application on my statement. I do not use this particular service and certainly did not authorize these rides. This indicates my card details were likely used by someone else to pay for their transportation."
"Card No Present Fraud, Food Delivery Fraud, My credit card was charged for several food orders from an online delivery service. I did not place these orders and was not expecting any food deliveries. These unauthorized transactions suggest my card details were used by someone else to order food."
"Card No Present Fraud, Charitable Donation Fraud, A charge appeared on my statement from a charity that I have never heard of and certainly did not donate to. While the cause might be noble this donation was completely unauthorized. My credit card information was clearly used without my consent for this contribution."
"Card No Present Fraud, Online Pharmacy Fraud, My credit card was used to make a purchase from an online pharmacy for prescription medications that I do not take. I did not order these items. This unauthorized transaction suggests my card details were compromised and used to acquire medication for another individual."
"Card No Present Fraud, Vehicle Rental Fraud, I found a charge on my statement for a car rental from a company I did not book with. I was not planning to rent a vehicle. This unauthorized transaction indicates my credit card information was stolen and used to book a rental car for someone else."
"Card No Present Fraud, VPN Service Fraud, A recurring charge for a VPN service that I do not use has appeared on my credit card statement. I never signed up for such a service nor provided my card details to them. This unauthorized subscription indicates my card information was used to set up an account for another person."
"Card No Present Fraud, Online Advertising Fraud, My credit card was charged for a significant amount by an online advertising platform. I do not run any online advertising campaigns and never authorized this service. This unauthorized transaction suggests my card details were compromised and used to pay for someone else's advertising costs."
"Card Present Fraud, Lost Card Fraud, I discovered my wallet was missing after my morning commute. Checking my online statement immediately revealed several unauthorized transactions. There were charges at a local grocery store a gas station and a pharmacy all occurring within a few hours of when I realized my card was gone. I never made or authorized any of these purchases and my card was clearly used physically at these establishments. I need these fraudulent activities investigated urgently."
"Card Present Fraud, Lost Card Fraud, My credit card disappeared from my purse sometime yesterday afternoon. Today I found numerous charges on my account that are absolutely not mine. These include a large purchase at an electronics superstore a meal at a fast-casual restaurant and multiple small transactions at convenience stores. All these activities took place yesterday evening after I lost my card. This is a clear case of fraud using my lost card."
"Card Present Fraud, Lost Card Fraud, I accidentally left my card at a coffee shop table a few days ago. I realized it was missing the next morning. My statement now shows various unauthorized transactions including a significant amount spent at a clothing boutique a taxi fare and several online purchases marked as 'card present' through a virtual terminal. I did not make any of these purchases nor did I authorize anyone else to use my lost card. This fraudulent activity is very concerning."
"Card Present Fraud, Lost Card Fraud, After a night out my credit card was no longer in my possession. Upon reviewing my account activity I noticed a series of suspicious charges. There were transactions at a nightclub a liquor store and then multiple small purchases at an all-night diner. These charges occurred between 2 AM and 5 AM in a part of town I do not frequent. These are unauthorized uses of my lost card."
"Card Present Fraud, Lost Card Fraud, My wallet fell out of my backpack during a hike yesterday. I reported the card lost as soon as I got home. However before I could cancel it someone used my card to make several purchases. These included a substantial amount at an outdoor gear store a gas fill-up and various snacks from a roadside market. I did not make these transactions and they are clearly fraudulent uses of my lost card."
"Card Present Fraud, Stolen Card Fraud, My credit card was stolen from my car while it was parked at the mall yesterday. I just reviewed my statement and found a series of fraudulent transactions. There was a large purchase at a jewelry store followed by a department store and then several smaller transactions at various shops within the mall complex. I was home when these purchases were made and I did not authorize any of them. This is a clear case of fraud."
"Card Present Fraud, Stolen Card Fraud, Someone broke into my house last night and my wallet was taken. This morning I discovered numerous unauthorized charges on my credit card. These included a significant spend at an appliance store a big-box retailer and multiple fast-food transactions. All these purchases occurred early this morning in a neighboring town. These are all fraudulent activities resulting from the theft of my card."
"Card Present Fraud, Stolen Card Fraud, My purse was snatched while I was shopping at the farmer's market. Within minutes of the incident my credit card was used at a nearby electronics store for a very expensive item. Shortly after there were more charges at a grocery store and a gas station. I immediately reported my card stolen but these purchases happened before I could block it. These are clearly unauthorized and fraudulent."
"Card Present Fraud, Stolen Card Fraud, My card was pickpocketed from my back pocket on the subway this morning. I became aware of it quickly but not before several fraudulent transactions appeared. There were charges at a subway station kiosk a coffee shop and then a large purchase at a discount retailer. These transactions occurred rapidly after the theft. I was en route to work and did not make these purchases."
"Card Present Fraud, Stolen Card Fraud, I left my jacket unattended at a restaurant for a moment and my credit card was stolen from it. When I checked my account a few hours later there were multiple fraudulent charges. Someone used my card at a bar a liquor store and then took an expensive taxi ride. These purchases were made by an unauthorized person using my stolen card. I demand immediate action to resolve this fraud."
"Card Present Fraud, Counterfeit Card Fraud, I have my physical credit card in my possession and it has never been lost or stolen. However my recent statement shows a suspicious charge from a hardware store in a city I have not visited in years. Additionally there's a transaction from a boutique I have never heard of and another from a gas station across the country. It appears a counterfeit version of my card was created and used for these unauthorized purchases."
"Card Present Fraud, Counterfeit Card Fraud, My card is safely in my wallet but I just received an alert about unusual activity. There are charges from a local grocery store chain I rarely visit and a discount department store that I have never shopped at. These transactions appeared yesterday afternoon. I believe my card information was compromised at some point and a fraudulent duplicate card was used for these purchases. This is very unsettling."
"Card Present Fraud, Counterfeit Card Fraud, Despite having my card securely with me I noticed a large transaction at a high-end electronics store in a different state. Furthermore there were several smaller charges at various convenience stores along a highway I have never traveled. These are clear indications that a counterfeit card was manufactured using my account details and then used for these unauthorized physical purchases. This breach of security is highly concerning."
"Card Present Fraud, Counterfeit Card Fraud, I just checked my online banking and found charges for a significant amount from a restaurant I have never patronized. There's also a smaller charge from a local coffee shop I did not visit. My actual card is with me and has not been out of my sight. This suggests my card details were somehow obtained and a counterfeit card was created and used for these fraudulent transactions."
"Card Present Fraud, Counterfeit Card Fraud, My bank statement shows numerous unauthorized transactions at an amusement park and several souvenir shops within the park. I have not been to any amusement park in years and my card is currently in my possession. This pattern strongly suggests that a counterfeit card was produced from my account information and then used physically at these locations. I need these fraudulent charges reversed immediately."
"Card Present Fraud, ATM Cash Withdrawal Fraud, I woke up this morning to find multiple large cash withdrawals from various ATMs on my credit card statement. My card was not lost or stolen; it is currently in my wallet. These withdrawals occurred overnight in a city far from my residence. This indicates that my card details were skimmed and a duplicate card was used to illegally withdraw funds from ATMs. This is extremely alarming."
"Card Present Fraud, ATM Cash Withdrawal Fraud, My card was secured in my home yet my account shows four separate ATM cash advances totaling thousands of dollars. These withdrawals happened over the past weekend from ATMs located in different parts of the state. I did not make or authorize any of these cash withdrawals. It appears a fraudulent copy of my card was created and then used at these ATM machines."
"Card Present Fraud, ATM Cash Withdrawal Fraud, While on vacation my credit card was used to make an unauthorized cash withdrawal from an ATM at a casino. I was not at any casino and my card was securely in my possession. Following that there was another ATM withdrawal at a gas station nearby. This clearly indicates that my card information was compromised leading to a counterfeit card being used for these illicit cash advances."
"Card Present Fraud, ATM Cash Withdrawal Fraud, I just saw multiple ATM cash withdrawals on my statement from last week. These transactions occurred late at night in a very specific geographic area that I rarely visit. My card has been with me all along and was never lost or stolen. I strongly suspect my card was skimmed at a point of sale terminal somewhere and a duplicate card was used for these unauthorized cash withdrawals."
"Card Present Fraud, ATM Cash Withdrawal Fraud, There are several suspicious ATM cash withdrawals on my account from early this morning. Each withdrawal was for the maximum daily limit. I was asleep during these times and my card was secure in my locked drawer. This is definite proof that a fraudulent card was used to obtain cash from my account without my permission. I need this investigated immediately as it is a serious security breach."
"Card Present Fraud, New Card Interception Fraud, I was expecting a new credit card to arrive last week but it never did. Now I see several large charges on my account. These include a substantial purchase at a home improvement store and multiple transactions at different supermarkets. These purchases were made physically at point-of-sale terminals. It appears my new card was intercepted in the mail and then fraudulently activated and used by an unknown party."
"Card Present Fraud, New Card Interception Fraud, My replacement credit card was supposedly delivered yesterday but I never received it. Today my online statement shows multiple transactions from various retail outlets. There are charges at a sporting goods store a popular coffee chain and a discount clothing store. All these transactions happened today after the supposed delivery time. I believe my new card was stolen from my mailbox and then used without my authorization."
"Card Present Fraud, New Card Interception Fraud, I requested a new card due to an expiring one. It was supposed to arrive three days ago. Now I see significant charges from an expensive electronics retailer and several fast food establishments appearing on my account. These purchases occurred yesterday and today. It is highly likely that my new card was intercepted during delivery and activated by a fraudster who then used it for these unauthorized purchases."
"Card Present Fraud, New Card Interception Fraud, My new credit card was supposed to be delivered last Tuesday. It never arrived. This morning I checked my account online and found several unexpected transactions. There was a large charge at a furniture store followed by multiple smaller purchases at various shops in an area I do not frequent. I am certain my new card was stolen before it reached me and then used fraudulently."
"Card Present Fraud, New Card Interception Fraud, I never received the new credit card that was supposed to be sent to my address last week. I am now seeing numerous unauthorized transactions on my account including a significant purchase at a major appliance store and subsequent charges at a gas station and convenience store. These transactions indicate my new card was intercepted and used by an unauthorized individual. I need these charges investigated immediately."
"Card Present Fraud, Unauthorized Point of Sale Use, I noticed strange activity on my statement despite my card being in my possession and not lost or stolen. There are charges from a local bakery a pet supply store and a bookstore all from yesterday afternoon. I was not at any of these locations nor did I make these purchases. It seems someone used my card details to make physical purchases without my consent. This is deeply concerning."
"Card Present Fraud, Unauthorized Point of Sale Use, My account shows an unexpected series of transactions from a clothing store and a cosmetic shop in a different part of the city. My card is with me and has not been compromised as far as I know. These purchases occurred during my work hours when I was not shopping. I believe these are unauthorized uses of my card at physical retail locations. This fraud needs immediate attention."
"Card Present Fraud, Unauthorized Point of Sale Use, I am reviewing my statement and see a charge from a restaurant I have never visited. Additionally there is a transaction from a specialty electronics store I did not patronize. My card is in my wallet and was never out of my sight. These transactions are definitely not mine and appear to be unauthorized physical purchases made by someone else using my card details."
"Card Present Fraud, Unauthorized Point of Sale Use, I just received an alert about unusual spending on my card. There are multiple charges from a popular coffee shop chain and a large stationery store. I have my card with me and these are not my purchases. The transactions occurred throughout the morning today. It seems my card details were duplicated and used for these physical purchases without my knowledge or authorization."
"Card Present Fraud, Unauthorized Point of Sale Use, My credit card was used for a substantial purchase at a department store this morning followed by a smaller charge at a nearby supermarket. I was at home during these times and my card was securely stored. I did not authorize any of these transactions. This indicates an unauthorized physical use of my card likely through a compromised duplicate. I need these fraudulent charges removed from my account."
"Stolen & Lost Card, Wallet/Purse Theft, My wallet was stolen right out of my bag while I was having lunch at a busy cafe yesterday afternoon. I only realized it was missing when I went to pay for my coffee. All my identification and credit cards including this one were inside the wallet. I immediately checked my banking app and saw several unauthorized transactions attempting to be made. I need to cancel this card and investigate these suspicious charges immediately. It feels like a significant violation of my personal security."
"Stolen & Lost Card, Wallet/Purse Theft, My purse was snatched directly from my shoulder while I was walking home late last night. I was completely shocked and unable to react quickly enough to stop them. This credit card was inside my purse along with my other important belongings. I am very concerned about potential fraudulent activity now and need to have this card blocked immediately. This incident has left me feeling very vulnerable and unsafe in my own neighborhood."
"Stolen & Lost Card, Wallet/Purse Theft, Someone removed my wallet from my back pocket while I was attending a crowded concert last weekend. I did not feel a thing until I reached for it to buy a drink. My credit card was obviously inside the wallet at that time. I am now seeing some suspicious charges appearing on my online statement. I need to report this theft and cancel the card as quickly as possible to prevent further unauthorized use."
"Stolen & Lost Card, Pickpocketing, I was on a very crowded subway train during rush hour this morning and felt a slight jostle. When I arrived at my destination I realized my wallet was gone from my front pants pocket. This credit card was inside the wallet. It was clearly a professional pickpocket operation. I am very distressed and urgently need to cancel this card to protect my finances from unauthorized transactions."
"Stolen & Lost Card, Pickpocketing, While browsing a bustling street market someone skillfully removed my card from my closed shoulder bag without me even noticing. I only discovered its absence hours later when I tried to make a purchase. This indicates a very clever thief was at work. I am extremely worried about what purchases might have been made already. I must cancel this credit card right now to limit any further damage."
"Stolen & Lost Card, Pickpocketing, I discovered my credit card had been lifted from my blazer pocket while I was at a large convention yesterday. I remember putting it there for safekeeping. This was a clear act of pickpocketing. I am now seeing a series of small but suspicious transactions appearing on my account. I need to dispute these charges and get this card deactivated without delay to prevent more fraud."
"Stolen & Lost Card, Home Burglary, My house was unfortunately broken into last night while I was sleeping. I woke up this morning to find several items missing including my wallet from my bedside table. This credit card was inside the stolen wallet. This invasion of privacy is deeply unsettling. I need to report this card as stolen immediately and review all recent transactions for any unauthorized activity."
"Stolen & Lost Card, Home Burglary, Upon returning from my vacation I discovered my home had been ransacked. My credit card which I had left in a desk drawer was among the items taken. This is a very disturbing event and a clear instance of theft. I am extremely concerned about fraudulent use of my card and need to cancel it right away. The thought of someone having my card is very unsettling."
"Stolen & Lost Card, Home Burglary, Intruders entered my apartment overnight through a window and stole several valuables. My credit card which was on the kitchen counter at the time was part of the stolen property. This incident is very upsetting and makes me feel unsafe in my own home. I need to ensure this card is immediately blocked to prevent any unauthorized spending. This situation requires urgent attention."
"Stolen & Lost Card, Robbery, I was unfortunately robbed at knifepoint near the ATM last evening. My wallet containing this credit card was forcibly taken from me by the assailant. This was a terrifying experience and I am still shaken. My priority now is to ensure this card is immediately reported as stolen and cancelled to prevent any further financial loss or misuse. I am very concerned about my personal safety now."
"Stolen & Lost Card, Robbery, Two individuals approached me demanding my belongings while I was walking home. They specifically snatched my credit card directly from my hand during the confrontation. This was a very frightening ordeal. I am incredibly distressed by this forceful theft. I need to ensure this card is promptly cancelled to stop any unauthorized transactions from occurring. I hope this card can be replaced quickly."
"Stolen & Lost Card, Robbery, While walking through the park after dark I was confronted by a person who forcibly snatched my bag containing my credit card. I was unable to resist or pursue them. This was a very traumatic incident. I am now extremely worried about my personal and financial security. I need to report this card stolen and have it deactivated immediately to prevent any fraudulent use."
"Stolen & Lost Card, Accidental Loss Public Place, I must have dropped my credit card somewhere in the shopping mall today. I retraced my steps several times visiting all the stores I entered but it is completely gone. I did not notice its absence until I tried to pay for parking. I am very frustrated that I cannot find it. I need to report it lost and request a replacement card right away."
"Stolen & Lost Card, Accidental Loss Public Place, This card slipped out of my pocket while I was walking in the park yesterday afternoon. I did not notice its absence until I tried to make a purchase at a local convenience store later on. I have checked my route multiple times to no avail. I am very concerned about who might find it. I need to cancel this lost card immediately to prevent any fraudulent activity."
"Stolen & Lost Card, Accidental Loss Public Place, I believe I lost my card at the movie theater last night during the show. I checked my seat area thoroughly and spoke with the staff at the lost and found but had no luck locating it anywhere. I am very disappointed about this loss. I need to report this card as missing and ensure no unauthorized charges are made before it is replaced."
"Stolen & Lost Card, Accidental Loss Private Place, My credit card simply vanished from my desk at home. I have searched every single drawer and surface multiple times but cannot find it anywhere. It was definitely there this morning when I last saw it. This unexplained disappearance is very puzzling and concerning. I need to block this card right away in case it was somehow taken or misplaced by someone."
"Stolen & Lost Card, Accidental Loss Private Place, I put my card down briefly on my desk in my office at work and now it is nowhere to be found. I am certain it was here just moments ago before I stepped away. I have no idea how it could have disappeared so quickly. I am very worried it might have been taken. I need to report this card as lost immediately to prevent any potential misuse."
"Stolen & Lost Card, Unexplained Disappearance, This card has inexplicably disappeared from my wallet while my wallet was inside my locked car. I cannot account for its absence at all. The car was secured and there were no signs of forced entry. I am completely baffled by this situation. I am concerned that it may have been taken by someone with access to my vehicle. I need to block it now."
"Stolen & Lost Card, Lost During Travel, My credit card went missing during airport security screening. I remember putting it in the tray with my electronics. I believe it was either misplaced or possibly taken by someone after I retrieved my belongings. I did not notice it was missing until I was at my gate. I need to report this card lost and cancel it as soon as possible."
"Stolen & Lost Card, Lost During Travel, I discovered my card was gone after checking out of my hotel room this morning. It must have been left behind in the room or possibly taken by housekeeping staff. I have already called the hotel but they have not found it. I am very frustrated and need to get this card blocked immediately to prevent any unauthorized charges. This is very inconvenient."
"Stolen & Lost Card, Lost During Travel, The card disappeared from my travel bag somewhere between my flight landing and collecting my luggage at the baggage claim. I cannot pinpoint the exact moment of loss. It was in a secure compartment. This is very unsettling. I need to report this card as lost and ensure that no one can use it for fraudulent purposes. I am very worried about this situation."
"Stolen & Lost Card, Mail Theft New Card, I never received my new credit card in the mail. It was supposed to arrive last week according to your recent notification. I am very concerned it was stolen directly from my mailbox before I could retrieve it. I checked my mailbox regularly. This unauthorized interception is a serious issue. I need to cancel this card immediately to prevent any fraudulent activation."
"Stolen & Lost Card, Mail Theft New Card, The new card you sent to replace my expiring one never arrived at my address. I strongly suspect it was intercepted or taken from my mailbox before delivery could occur. There were signs of tampering on my mailbox today. I am extremely worried someone has activated it. I urgently need to report this stolen card and ensure no one can use it."
"Stolen & Lost Card, Mail Theft New Card, My mailbox was clearly tampered with and the new credit card you issued for my account is now missing. Someone obviously stole it during transit or right after delivery. This is a very serious security breach. I need to report this card as stolen immediately to prevent any unauthorized activation or use. I am very concerned about this incident."
"Stolen & Lost Card, Vehicle Break-in, My car window was smashed overnight and my wallet containing this credit card was stolen from the glove compartment. I discovered the break-in this morning. This is a very upsetting incident and a clear case of theft. I am extremely concerned about fraudulent use of my card and need to cancel it right away to prevent any financial damage."
"Stolen & Lost Card, Vehicle Break-in, Someone broke into my vehicle while it was parked at the mall and took my purse which contained this credit card. I parked in a well-lit area. This is a very frustrating and violating experience. I need to ensure this card is immediately blocked to prevent any unauthorized spending. I am very worried about my personal security now."
"Stolen & Lost Card, Vehicle Break-in, My work vehicle was ransacked while I was on a job site and my company credit card which was stored securely was forcibly removed. This is a very serious theft impacting my professional work. I need to report this card as stolen immediately and ensure no unauthorized charges are made. This incident will cause significant inconvenience to my operations."
"Stolen & Lost Card, Left at ATM/POS Terminal, I mistakenly left my credit card in the ATM slot after completing a transaction. I realized my error a few minutes later but it was gone upon my frantic return. This was a careless mistake on my part. I am now worried about unauthorized withdrawals or purchases. I need to report it lost and cancel this card as quickly as possible."
"Stolen & Lost Card, Left at ATM/POS Terminal, I believe I left my card behind at the gas station pump after inserting it for payment yesterday. When I checked my pocket later it was no longer there. I called the station but they have not found it. I am very disappointed about this loss. I need to report this card as missing and ensure no unauthorized charges are made."
"Stolen & Lost Card, Left at ATM/POS Terminal, After making a purchase at the grocery store I must have forgotten to retrieve my card from the card reader. It was gone when I went back to inquire minutes later. This was an oversight. I am concerned someone else may pick it up and use it. I need to get this card blocked immediately to protect my account from fraudulent transactions."
"Identity theft Fraud, New Account Fraud, I just received a credit card in the mail from your institution and I never applied for it. This is extremely concerning because it means someone used my personal information to open this account without my permission. I have checked my credit report and see an inquiry from your company which I did not authorize. I need this account closed immediately and investigated as fraud. My identity has clearly been compromised."
"Identity theft Fraud, Account Takeover, I am reporting unauthorized activity on my existing credit card account. I noticed several large purchases for electronics that I did not make and these transactions occurred in a city I have never visited. Furthermore I attempted to log into my online account to view recent activity but my password had been changed and I could not regain access. My phone number and email address on file also appear to have been updated without my knowledge. This is a clear case of someone taking over my account."
"Identity theft Fraud, Fraudulent Application Attempt, My credit monitoring service alerted me to a new credit inquiry from your company that I did not authorize. I have not applied for any new credit in months and this application attempt is suspicious. I am worried my personal information has been stolen and used to apply for credit in my name. Please investigate this inquiry and ensure no account was opened or will be opened as a result of this fraudulent activity."
"Identity theft Fraud, New Account Fraud, I received a bill for an overdue credit card account from your bank that I have never opened. The account number is completely unfamiliar to me and I have never done business with your institution before. This is clearly a case of identity theft as someone has used my name and possibly my Social Security number to create this fraudulent debt. I need this account removed from my credit report and all associated charges cleared immediately."
"Identity theft Fraud, Account Takeover, My credit card statement arrived showing that my physical address on file had been changed without my consent. This change occurred last week and I did not authorize it. I am very concerned that someone is trying to divert my mail and potentially gain access to my card details. I need my correct address reinstated and an investigation launched into who made this unauthorized change to my account information."
"Identity theft Fraud, New Account Fraud, I was denied a mortgage loan today because my credit report showed a recently opened credit card account with your company that I know nothing about. This unknown account drastically lowered my credit score and negatively impacted my loan application. I never applied for this card and this is a clear instance of identity theft. I require immediate assistance to close this fraudulent account and clear my credit history."
"Identity theft Fraud, Account Takeover, I received an SMS alert indicating a new authorized user was added to my existing credit card account. I absolutely did not add anyone to my account nor did I authorize such a change. This unauthorized addition is extremely alarming and suggests my account has been compromised. Please remove this fraudulent authorized user immediately and review my account for any other suspicious changes or activities."
"Identity theft Fraud, New Account Fraud, My credit score suddenly dropped significantly. Upon checking my credit report I discovered a new credit card account opened in my name at your bank that I never applied for. The account has a high balance and multiple transactions which are entirely foreign to me. I suspect my identity was stolen and used to open this account. I need to report this fraud and have this account closed and removed from my credit file."
"Identity theft Fraud, Account Takeover, I attempted to make an online purchase with my credit card but it was declined due to suspicious activity. When I called to inquire I was informed my credit limit had been significantly increased and then fully utilized on purchases I did not make. I never requested a credit limit increase nor did I make these purchases. It appears someone accessed my account increased the limit and then maxed it out fraudulently."
"Identity theft Fraud, Fraudulent Application Attempt, I received a notice in the mail indicating that my credit application with your company was denied due to insufficient credit history. The problem is I never applied for credit with your company. This means someone used my personal information to apply for a card in my name without my knowledge. I am worried my identity is being used fraudulently and need this application flagged and any future attempts blocked."
"Identity theft Fraud, New Account Fraud, I received a welcome packet for a credit card from your institution with my name on it but addressed to an address I have never lived at. This immediately raised a red flag that my identity has been stolen. Someone opened this account using my details and had it sent to a different location. I need this account flagged as fraudulent and closed immediately to prevent any further misuse of my identity."
"Identity theft Fraud, Account Takeover, My credit card rewards points balance was zeroed out today. I had thousands of points accumulated and I certainly did not redeem them. When I checked my online account history it showed a redemption for a gift card that was sent to an address I do not recognize. This is a clear case of account takeover as someone accessed my account to steal my rewards. I need these points reinstated and the fraudulent redemption investigated."
"Identity theft Fraud, New Account Fraud, I received a debt collection notice for a credit card account from your bank that I have never heard of or opened. The notice states I owe a substantial amount of money. This is an absolute shock and deeply concerning as it indicates someone has stolen my identity and opened an account in my name racking up debt. I require immediate assistance to dispute this debt and report the fraud."
"Identity theft Fraud, Account Takeover, I could not log into my online banking account for my credit card today. I tried resetting my password but the security questions were changed to answers I do not recognize. It seems someone gained access to my account and altered my security credentials preventing my access. I am very concerned about what changes or transactions might have occurred on my card while I was locked out."
"Identity theft Fraud, New Account Fraud, My child received a pre-approved credit card offer in their name. My child is a minor and obviously not eligible for a credit card. This is highly disturbing and suggests that someone has stolen their identity to potentially open accounts. We need to investigate how their information was obtained and ensure no accounts are opened or inquiries made in their name."
"Identity theft Fraud, Fraudulent Application Attempt, I was notified by a third-party service that my Social Security Number was used in a recent credit application to your company. I did not make this application and it appears to be a fraudulent attempt to open credit in my name. I need confirmation that no account was opened and that this application is marked as fraud in your system. I am very concerned about potential future misuse of my identity."
"Identity theft Fraud, New Account Fraud, I received an email confirmation for a new credit card application that I did not submit. The email contained some of my personal details but the address listed was incorrect. This indicates someone attempted to open an account using my identity. I need to ensure this application is immediately cancelled and that no card is issued under my name. My identity has clearly been compromised."
"Identity theft Fraud, Account Takeover, I discovered my credit card autopay settings were altered without my permission. The recurring payment for my utility bill was changed to a different amount and beneficiary. I never made these changes and this suggests unauthorized access to my account. This change could lead to missed payments or funds being misdirected. I need this rectified and an investigation into the unauthorized access."
"Identity theft Fraud, New Account Fraud, I received a welcome package for a credit card with my name and date of birth but with an entirely incorrect Social Security Number. While the SSN is wrong this still means my name and other details are being used fraudulently. I am worried this is a synthetic identity being created using my personal information combined with fake data. I need this investigated and any accounts associated with this synthetic identity flagged."
"Identity theft Fraud, Fraudulent Application Attempt, I received a notification that a pre-approved credit card application was sent to my old address. I have lived at my current address for years and updated all my information. This suggests that someone might be using outdated information to attempt to open accounts in my name. I want to confirm no account was opened and that no applications are pending under my identity."
"Identity theft Fraud, New Account Fraud, My existing credit card was replaced due to expiration and the new card was sent to an address I do not recognize. I never requested a change of address. This means someone has likely taken over my account to divert my card and use it fraudulently. I need this card cancelled immediately and a new one sent to my correct address after confirming my identity."
"Identity theft Fraud, Account Takeover, I found that my credit card's primary phone number on file was changed to an unknown number. This prevents me from receiving important security alerts or verification calls. I did not make this change and it suggests someone has accessed my account with malicious intent. I need my correct phone number reinstated and assurance that my account is secure from further unauthorized changes."
"Identity theft Fraud, New Account Fraud, I received a notification from your credit card company about an overdue payment on an account that does not belong to me. The name and address on the notice are mine but the account number and charges are completely unfamiliar. I am concerned that my identity has been used to open a fraudulent account and accumulate debt. I need to report this as identity theft and dispute the charges."
"Identity theft Fraud, Account Takeover, I discovered my existing credit card account was linked to a new online shopping profile that I did not create. This linkage indicates unauthorized access to my card details. I am worried about fraudulent purchases being made from this linked account. I need this link severed immediately and an investigation into how my card information was compromised and linked without my consent."
"Identity theft Fraud, New Account Fraud, I just checked my credit report and saw an unknown credit card account from your bank that was opened in my spouse's name. They never applied for this card. This is clearly identity theft targeting my spouse. We need this fraudulent account closed immediately and removed from their credit file. We are very concerned about who obtained their personal information."
"Identity theft Fraud, Fraudulent Application Attempt, I received multiple collection calls for an application fee for a credit card I never applied for. The caller referenced an application to your company using my name. This is an obvious attempt at identity theft. I need to ensure no application exists under my name and that my personal information is not being used to scam me or open accounts."
"Identity theft Fraud, New Account Fraud, My deceased parent's credit report shows a newly opened credit card account with your institution. This is impossible as they passed away last year. Someone is clearly attempting to use their identity fraudulently. We need this account closed immediately and flagged as identity theft involving a deceased person to prevent further misuse of their information."
"Identity theft Fraud, Account Takeover, I tried to access my credit card statement online but the email address associated with my account for notifications and password resets has been changed. I did not authorize this change. This is a severe security breach as someone could be diverting my statements and making changes to my account without my knowledge. I need to regain control of my account and have my correct email reinstated."
"Identity theft Fraud, New Account Fraud, I found a credit card statement for your bank tucked into my mailbox addressed to my name but with a completely different middle initial. I do not have a middle initial matching what is printed. This suggests someone is using a slightly altered version of my identity to open accounts. I need this account investigated and closed as it is clearly a fraudulent identity creation attempt."
"Identity theft Fraud, Account Takeover, My credit card activity alert showed several foreign transactions that I did not authorize. When I attempted to call your fraud department the phone number listed on my account had been changed and I could not reach anyone directly. This indicates not only fraudulent transactions but also an account takeover making it difficult for me to report. I need immediate assistance to lock my card and rectify my contact information."
"Social Engineering Fraud, Phishing, I received an email yesterday purporting to be from my bank. It stated there was unusual activity detected on my credit card account. I was urged to verify immediately to prevent further suspicious charges. The email looked exactly like legitimate bank communication. I clicked the provided link which led to a highly realistic fake banking portal. There I entered my credit card number its expiry date and the CVV code. I even input my online banking username and password hoping to secure my account. Unauthorized transactions totaling thousands of dollars appeared on my statement shortly after this incident. I now realize I was completely scammed."
"Social Engineering Fraud, Smishing, I got a text message last week supposedly from a package delivery service. It claimed my delivery was on hold due to an unpaid shipping fee of just a few dollars. The message included a link to resolve the issue promptly. Believing it was a genuine notification I clicked the link and was taken to a professional-looking website. I entered my credit card number and other personal details to pay the small fee. Soon after several large unauthorized purchases appeared on my credit card. It was a scam to steal my financial information."
"Social Engineering Fraud, Vishing, I received a phone call this morning from someone claiming to be with my bank's fraud department. They stated there was a large suspicious transaction on my credit card account. To stop it they asked me to verify my card details including the full card number expiry date and the three digit security code. They sounded very convincing and urgent. I provided the information to them over the phone. Now I see multiple fraudulent charges posting to my account. I am certain they were imposters and I was manipulated into giving them my details."
"Social Engineering Fraud, Tech Support Scam, My computer suddenly displayed a pop-up warning that my system was infected with a severe virus. It instructed me to call a specific toll-free number for immediate technical assistance. When I called the person on the other end claimed to be from a major software company. They gained remote access to my computer and then told me I needed to purchase expensive security software to fix the issue. I gave them my credit card number to pay for the supposed fix. Later I discovered the charges were fraudulent and my computer was fine."
"Social Engineering Fraud, Impersonation, I met someone online through a dating app who quickly developed a very close relationship with me. After several weeks they told me about a sudden family emergency overseas requiring urgent financial assistance. They needed money for medical bills and travel expenses. I felt obligated to help them and agreed to send money. They asked for my credit card details to process a direct transfer to their bank account saying it was the fastest way. Now I realize it was a sophisticated romance scam and all my money is gone."
"Social Engineering Fraud, Pretexting, I received a call from someone who knew my name and claimed to be from a well-known online retailer. They said there was an issue with a recent order I had placed and they needed to reconfirm my payment information. They asked for my credit card number and the security code to verify the purchase. I thought it was legitimate as they had some of my order details. After giving them the information I realized there was no such issue with my order. Now I have many unauthorized charges on my card."
"Social Engineering Fraud, Phishing, I clicked on an advertisement on a social media site for a heavily discounted item. The website looked legitimate with proper branding and product descriptions. I proceeded to checkout and entered my credit card number expiry date and CVV. However the order never confirmed and I never received the item. Soon after that transaction my credit card was used for several other unrelated purchases I did not make. It was a fake shopping site designed to steal my credit card information during the payment process."
"Social Engineering Fraud, Smishing, I received an SMS message claiming I had won a significant cash prize in a lottery I never entered. To claim the winnings I needed to pay a small processing fee. The message contained a link to a website for payment. Excited about the prize I clicked the link and entered my credit card details along with other personal information to pay the fee. No prize ever arrived and my credit card was subsequently charged for fraudulent transactions. It was an obvious prize scam."
"Social Engineering Fraud, Vishing, Someone called me pretending to be from a government agency like the IRS. They claimed I owed a substantial amount in back taxes and threatened immediate arrest if I did not pay right away. They instructed me to make a payment over the phone using my credit card to avoid legal action. Under immense pressure and fear I provided my credit card number to them. Later I found out the call was a complete fraud and I had fallen victim to a government impersonation scam. My card now has many fraudulent charges."
"Social Engineering Fraud, Pretexting, I was contacted by someone through a professional networking site who offered me a high-paying remote job opportunity. During the onboarding process they requested my credit card details for a mandatory background check fee. They also said I needed to purchase initial office equipment from their approved vendor using my own card which would be reimbursed later. I provided my card details for both purposes. The job was fake and I never received any equipment. My credit card was used for large unauthorized purchases instead."
"Social Engineering Fraud, Phishing, An email arrived in my inbox that appeared to be from a popular online streaming service. It stated my subscription payment had failed and my account would be suspended unless I updated my billing information. The email contained a prominent link to update my details. I clicked the link which led to a highly convincing fake login page. I entered my credit card number security code and other sensitive information there. My account was fine but now my credit card shows multiple fraudulent charges."
"Social Engineering Fraud, Smishing, I received a text message purporting to be from my utility company. It warned me that my electricity service would be disconnected within hours due to an overdue bill. To prevent disconnection I was instructed to click a link and make an immediate payment. Panicked I clicked the link and entered my credit card information on the provided website to pay the alleged bill. My service was never actually in danger. My credit card was subsequently used for many unauthorized transactions."
"Social Engineering Fraud, Vishing, A caller identified themselves as a representative from my credit card company offering a lower interest rate on my existing card. To qualify they said they needed to verify my account. They asked for my full credit card number the expiration date and the three digit security code from the back of the card. Trusting it was a legitimate offer I provided all the requested information. Soon after my card was used for several large purchases that I did not authorize. It was a clear vishing attack."
"Social Engineering Fraud, Impersonation, My close friend's social media account messaged me stating they were in a desperate emergency. They claimed they lost their wallet while traveling abroad and needed immediate financial assistance to get home. They asked me to send them money using my credit card details or through a payment app linked to my card. Out of concern for my friend I provided the details. It turns out my friend's account was hacked. I now have fraudulent charges on my card."
"Social Engineering Fraud, Phishing, I received an official-looking email about a supposed refund from an online merchant I frequently use. It stated I was accidentally overcharged and a refund was being processed. To complete the refund I needed to click a link and verify my bank account details including my credit card number. I followed the instructions believing it was legitimate. No refund ever appeared. Instead my credit card was compromised and used for numerous unauthorized transactions. It was a sophisticated refund scam."
"Social Engineering Fraud, Pretexting, I was contacted by a person claiming to be a representative from a reputable charity asking for donations. They painted a compelling picture of urgent need and asked for my credit card details over the phone to process a contribution. I felt moved by their story and provided my card number expiry date and security code. Later I found out the charity was fake and my credit card was used for large sums of money by the scammers."
"Social Engineering Fraud, Malware/Rogue Software, While browsing the internet a pop-up appeared stating my computer was infected with spyware. It prompted me to download and install a recommended antivirus software. I followed the instructions and during the installation process I was asked for my credit card information to purchase a license for the software. I provided my details. The software turned out to be malicious. My computer became slow and my credit card was used for fraudulent transactions."
"Social Engineering Fraud, Smishing, I received a text message saying there was a security breach at a major retailer where I have an account. It advised me to click a link and reset my password and update my payment information immediately. The link led to a very convincing fake website. I entered my credit card number and other sensitive details on this deceptive site. My account was never breached but my credit card has now been used for many unauthorized online purchases."
"Social Engineering Fraud, Vishing, Someone called me claiming to be from a well-known tech company stating they detected suspicious activity on my home network. They said they needed remote access to my computer to fix the issue and asked for my credit card information to pay for a diagnostic fee. I allowed them access and provided my credit card details. They did nothing to my computer but charged my card multiple times for services I never received. My card was further used for other unauthorized transactions."
"Social Engineering Fraud, Impersonation, I responded to an attractive online advertisement for a rental property that seemed too good to be true. The supposed landlord asked for a security deposit and the first month's rent upfront to secure the property due to high demand. They requested payment via my credit card through a link they provided. I completed the transaction. The property was non-existent and the person vanished. My credit card was used for other fraudulent activity too."
"Social Engineering Fraud, Quid Pro Quo, I participated in an online survey promising a substantial gift card upon completion. At the end of the survey it asked for my credit card details to cover a small processing fee for the gift card delivery. I thought it was a minor charge to receive a great reward so I entered my card information. No gift card ever arrived and my credit card was subsequently used for many unauthorized transactions indicating it was a scam."
"Social Engineering Fraud, Phishing, I received an email from an airline announcing a major flight cancellation due to unforeseen circumstances. It asked me to click a link to rebook my flight and update my billing information to ensure a smooth process. I clicked the link which led to a highly deceptive website. I entered my credit card number and other personal details there. My flight was never canceled but my credit card was compromised and used for multiple fraudulent purchases shortly after."
"Social Engineering Fraud, Smishing, A text message arrived from what appeared to be my phone carrier. It warned me my account was overdue and would be suspended soon. It provided a link to make an immediate payment to avoid service interruption. Fearing my phone would stop working I clicked the link and entered my credit card details on the fake payment portal. My phone account was current but my credit card was quickly drained by unauthorized transactions."
"Social Engineering Fraud, Vishing, I answered a call from someone who identified themselves as a representative from a reputable investment firm. They pitched an exclusive high-return investment opportunity that required an immediate initial deposit. They asked for my credit card details to process this urgent deposit. Convinced by their professional demeanor and promises of quick profits I provided my credit card number. The investment was fake and my credit card was used for various fraudulent activities."
"Social Engineering Fraud, Impersonation, I received a Facebook message from a supposed old high school acquaintance asking for my credit card details to help them with a small online purchase they couldn't complete. They claimed their card was declined and they would immediately pay me back. Trusting an old friend I sent them my card details. It was an imposter account and my credit card was used for many fraudulent purchases."
"Social Engineering Fraud, Phishing, An email claiming to be from a government agency offered me a substantial COVID-19 relief grant. To receive the funds I needed to click a link and verify my identity and financial details including my credit card information for direct deposit. I completed the form on the fraudulent website. The grant was fake. My credit card was later used for several large unauthorized transactions."
"Social Engineering Fraud, Pretexting, I was contacted by someone claiming to be a debt collector for an old unpaid bill I vaguely remembered. They threatened legal action and garnishment if I did not pay immediately over the phone. They insisted on payment via credit card to close the account quickly. Fearing legal repercussions I provided my credit card number. The debt was fictitious and my credit card was used for various unauthorized purchases by the scammer."
"Social Engineering Fraud, Smishing, I received a text message appearing to be from my bank regarding a new security feature requiring immediate activation. It contained a link to activate it. I clicked the link which directed me to a very convincing fake banking website. I entered my credit card number and online banking credentials thinking I was securing my account. My card was then used for multiple fraudulent transactions."
"Social Engineering Fraud, Vishing, I got a call from someone claiming to be a customer service representative from a company I recently made a purchase from. They said there was an issue with my order and they needed to verify my credit card details to process a correction. I provided my credit card number and security code assuming it was a legitimate inquiry. My card was then used for numerous unauthorized purchases by the scammers."
"Social Engineering Fraud, Impersonation, I was cold-called by someone posing as a bank security officer who said my credit card was compromised and they needed my information to issue a new card. They asked for my existing credit card number and CVV to verify my identity and initiate the replacement process. I gave them the details believing it was for my protection. My old card was never compromised by anyone else but them and they quickly made fraudulent charges."
"Chargeback Abuse, Friendly Fraud, I am disputing a charge for a new smartphone purchased online last month. I never received the package despite tracking showing delivery to my address. The delivery confirmation photograph does not clearly show my doorway and I suspect the package was left at the wrong house or stolen. I have checked with my neighbors and inquired at the local post office but the phone remains missing. This transaction should be reversed immediately as I have not received the item I paid for."
"Chargeback Abuse, Subscription Abuse, I am requesting a chargeback for a recurring subscription service for online fitness classes that renewed yesterday. I distinctly remember canceling this service weeks ago through their website however I received no confirmation email for the cancellation. They continue to bill my card even though I no longer use their platform. This is an unauthorized charge for a service I believed was terminated and I need this transaction completely reversed. Their customer service has been unhelpful in resolving this issue."
"Chargeback Abuse, Policy Manipulation, I am disputing a charge from a car rental company. I returned the vehicle with a full tank of gas as required however they still charged me an outrageous refueling fee. This is a clear breach of their rental agreement and an unfair charge. I explicitly photographed the fuel gauge at the time of return to prove its full status. They are trying to extract extra money from me after I fulfilled my contractual obligations. This charge is completely unwarranted."
"Chargeback Abuse, Services Not Rendered Claim, I am disputing a payment made for a home plumbing repair service performed last week. The plumber claimed to fix the leaky faucet but it started dripping again just two days later. The service was not completed satisfactorily and their work was clearly faulty. I should not have to pay for a repair that failed almost immediately. I demand a full refund for this ineffective service."
"Chargeback Abuse, Product Misrepresentation Claim, I am disputing a charge for an expensive designer dress purchased from an online boutique. The dress arrived but the color and fabric quality are significantly different from what was advertised on their website. It looks cheap and is not what I expected. This is a clear misrepresentation of the product and I feel completely deceived. I want my money back because the item is not as described."
"Chargeback Abuse, Forgotten Purchase, I am disputing a charge from an electronics store that appeared on my statement. I do not recognize this transaction at all. I have not made any purchases from that particular store recently and I am concerned my card information has been compromised. This must be an unauthorized charge and I need it investigated and removed from my account as soon as possible. I fear my card details were stolen."
"Chargeback Abuse, Returns Abuse, I initiated a return for a pair of shoes to an online retailer two weeks ago. I sent them back using their provided return label and have proof of shipment. However I have not yet received my refund. This charge needs to be reversed because I returned the merchandise and they have failed to process my refund in a timely manner. I expect my money returned immediately."
"Chargeback Abuse, Family Member Purchase Denial, I am disputing a charge from an online gaming platform. My son made this purchase using my credit card without my explicit permission. He is a minor and should not have been able to complete such a large transaction. I was unaware he had access to my card details. This charge was not authorized by me the cardholder and needs to be refunded."
"Chargeback Abuse, Digital Goods Non-Receipt Claim, I am disputing a charge for a digital software download. I paid for the software but the download link provided was broken or expired. I have tried multiple times to access the file but it remains unavailable. I have not received the digital product I paid for. This transaction is invalid because the service was not delivered as promised. I require a full refund immediately."
"Chargeback Abuse, Buyer's Remorse, I wish to dispute a recent charge for a concert ticket. I purchased it last month but my plans have changed unexpectedly and I can no longer attend the event. The vendor has a strict no refund policy which I believe is unfair given the circumstances. I am requesting a chargeback for this purchase as I am unable to utilize the ticket and want my money back."
"Chargeback Abuse, Trial Period Abuse, I am disputing a charge from a language learning app. I signed up for a free trial period and believed I had cancelled before it expired. However I was still charged for a full month's subscription. This charge is unwarranted as I did not intend to continue the service beyond the trial and took steps to cancel my account. I need this unauthorized billing reversed."
"Chargeback Abuse, Service Satisfaction Dispute, I am disputing a charge for a house cleaning service. The cleaners arrived late and left several areas untouched. The quality of work was far below my expectations and I am very dissatisfied. I should not have to pay full price for a job that was not done properly. I demand a refund for their inadequate service."
"Chargeback Abuse, Membership Fee Dispute, I am disputing an annual membership fee from a fitness club. I joined last year but have not used the facility even once. I attempted to cancel my membership but they informed me it was too late to avoid this year's charge. I am no longer interested in their services and this fee is unjustified for a membership I do not use."
"Chargeback Abuse, Event Ticket Missed, I am disputing a charge for tickets to a sporting event. Unfortunately I became ill on the day of the event and was unable to attend. The vendor does not offer refunds for missed events. Since I could not use the tickets due to unforeseen circumstances I believe a refund is warranted. This charge should be reversed given my inability to attend."
"Chargeback Abuse, In-App Purchase Denial, I am disputing several small charges for in-app purchases within a mobile game. I did not authorize these transactions and they appeared without my knowledge. I suspect my child may have made these purchases without permission using my saved payment information. These are unauthorized expenditures and need to be fully refunded."
"Chargeback Abuse, Rental Damage Claim Dispute, I am disputing a charge from a car rental company for alleged damages. I returned the vehicle in perfect condition and performed a thorough inspection with their representative. Now they are claiming new damage was found after I left. This is a false accusation and an attempt to overcharge me. I demand this additional fee be removed."
"Chargeback Abuse, Cancellation Fee Dispute, I am disputing a cancellation fee charged by a hotel. I canceled my reservation within the policy timeframe they stated for a full refund. However they still applied a cancellation fee to my card. This is an incorrect charge as I followed their cancellation procedure. I require this fee to be reversed immediately."
"Chargeback Abuse, Online Course Completion Dispute, I am disputing a charge for an online professional development course. I enrolled and completed a significant portion of the course but I did not receive my certification as promised. The course content was also not as comprehensive as advertised. I did not receive the full value or promised outcome for my payment. I seek a full refund."
"Chargeback Abuse, Charitable Donation Regret, I am disputing a donation made to a charity last month. I made the donation online but upon further consideration I cannot afford it at this time. I mistakenly committed to a larger amount than intended. I understand donations are typically final but I need to reclaim these funds due to financial hardship. This charge needs to be reversed."
"Chargeback Abuse, Unrecognized Restaurant Bill, I am disputing a charge from a restaurant. I checked my bank statement and this particular restaurant is unfamiliar to me. I have not dined out at any establishment by that name recently. This must be an unauthorized transaction. I believe my card details were used fraudulently and this charge must be reversed immediately."
"Chargeback Abuse, Duplicate Charge Claim, I am disputing a charge that appears to be a duplicate. I see two identical charges from the same online retailer for the same amount processed within minutes of each other. I only made one purchase. This looks like an error on their part. Please investigate and refund the duplicate charge as soon as possible."
"Chargeback Abuse, Utility Bill Discrepancy, I am disputing my recent utility bill payment. The amount charged to my card is significantly higher than my average usage and what I expected. I suspect there is an error in their billing system. I refuse to pay this inflated amount. Please reverse this transaction until the utility company can provide a clear explanation for this discrepancy."
"Chargeback Abuse, Custom Order Not Perfect, I am disputing a charge for a custom-made piece of furniture. While the item was delivered the dimensions are slightly off and it does not fit perfectly in my designated space as discussed. I provided precise measurements and they failed to adhere to them. The product is not entirely as per my specifications. I seek a refund or significant adjustment."
"Chargeback Abuse, Extended Warranty Denial, I am disputing a charge for an extended warranty on an appliance. I was told during the purchase that this warranty would cover all parts and labor. However when I attempted to make a claim they denied it citing fine print exclusions. This is deceptive sales practice and I was misled about the warranty's coverage. I want the charge for the warranty refunded."
"Chargeback Abuse, Travel Package Component Dispute, I am disputing a charge for a travel package that included flights and hotel. Upon arrival at the hotel I discovered the room type was not as advertised and lacked the amenities promised. The travel agency failed to deliver the full package as described. I did not receive the value I paid for. I demand a partial or full refund for this misrepresented booking."
"Chargeback Abuse, Online Gaming Currency Reversal, I am disputing a charge for virtual currency in an online game. My account was unexpectedly banned shortly after I made this purchase. Since I can no longer access the game or use the virtual currency I believe this charge should be reversed. The value of the purchase has been nullified by the account suspension."
"Chargeback Abuse, Gym Membership Unused, I am disputing a charge for my gym membership renewal. I have not visited the gym at all in the past six months and I attempted to cancel it multiple times without success. I do not use their services and this automatic renewal is an unwanted charge. I need this recurring payment stopped and the current charge refunded."
"Chargeback Abuse, Delivery Service Fee Disputed, I am disputing a delivery fee charged by an online grocery store. I had a promotional code for free delivery which I applied at checkout. However the fee still appeared on my final statement. This is an incorrect charge as I was entitled to free delivery. I want this specific charge for delivery reversed."
"Chargeback Abuse, Software License Non-Use Claim, I am disputing a charge for a software license purchased online. I downloaded the software but found it incompatible with my system. I immediately uninstalled it and have not used it since. I contacted the vendor for a refund but was denied. Since I cannot use the product I should not be charged for it."
"Chargeback Abuse, Gift Card Unauthorized Claim, I am disputing a charge for an electronic gift card purchase. I received an email confirmation for this purchase but I never intended to buy a gift card. I suspect my email account or payment details were compromised. This charge for a gift card was not authorized by me. I need this transaction canceled and refunded."
